ID caso,Modalidad,Tema,Caso de uso,Estado de revisión,Estado de evidencia,Acción recomendada,R,I,U,N,E,Versión de reglas,Versión del borrador,Alcance del texto,Qué se reporta,Quién lo reporta,Qué está respaldado,Qué falta comprobar,IDs de fuente,Revisor,Comentario del revisor,Fecha de revisión,Última exportación
CASO-002,Editorial,Servicios públicos,,Requiere evidencia,Insuficiente,Investigar ya,1,1,0.839079,1,0.366667,1.3,sin borrador,basado únicamente en titular/metadatos,"Titular central: «Minsa enciende alarmas por diagnósticos de cáncer de mama en hombres en Panamá» — TVN Panamá
Cobertura: 1 titular · 1 medio · de 2026-10-05 16:38 a 2026-10-05 16:38 (hora de Panamá); fecha de publicación
Tema: Servicios públicos · Subtema: Salud pública (hospitales, CSS, MINSA, medicamentos) (criterio: lexico)
Tema secundario: sin dato
Alcance: basado únicamente en titular/metadatos","«Minsa enciende alarmas por diagnósticos de cáncer de mama en hombres en Panamá» — TVN Panamá (Panamá) · agencia: sin agencia · firma: sin firma · publicación: 2026-10-05 16:38 (hora de Panamá) · https://www.tvn-2.com/nacionales/salud/minsa-enciende-alarmas-diagnosticos-cancer_1_2264460.html
Procedencias: 1 procedencia independiente estimada entre 1 titular: los titulares que replican a un mismo medio, agencia o red cuentan como una sola procedencia.
Procedencia 1: TVN Panamá · 1 titular
¿TVN Panamá ya lo cubrió? TVN Panamá aparece en este grupo con 1 titular del snapshot.","Conteos de reportes
Hecho: 1 titular de 1 medio reporta este tema · Cita: GRP-21ad932d54 · n_titulares; GRP-21ad932d54 · n_medios
Hecho: 1 procedencia independiente estimada (los titulares que replican a una misma fuente cuentan como una) · Cita: GRP-21ad932d54 · n_procedencias
Datos oficiales
Sin dato oficial que mida el hecho (ver «Qué falta comprobar»)
Eventos oficiales
Sin evento oficial vinculado
Lo que dicen los titulares (declaraciones atribuidas a su medio)
Declaración: TVN Panamá reporta: «Minsa enciende alarmas por diagnósticos de cáncer de mama en hombres en Panamá» · Cita: NOT-3be05280f2 · titulo_limpio","sin dato oficial vinculado (el tema no tiene un indicador oficial asignado) → Verificar: Consultar a la institución oficial responsable del tema por un dato que mida el hecho.
1 procedencia independiente estimada; se necesitan al menos 2 para evidencia suficiente → Verificar: Buscar el mismo hecho en un medio con fuente propia; una réplica de la misma agencia no cuenta.
Fuentes sugeridas para verificar (sugerencias para quien verifica; no son evidencia del sistema ni se citan como tal)
Ministerio de Salud
Caja de Seguro Social",NOT-3be05280f2,"Asistente (provisional, D-101) · provisional (D-101)","Revisión provisional del asistente (C-01, D-101/D-112): se comprobó la trazabilidad de cada afirmación contra los datos (outputs/fichas_trazables/trazabilidad.json). No es un juicio editorial humano: lo rehace una persona en C-09.",2026-10-07T21:35:22Z,2026-10-07T21:47:16Z
CASO-003,Editorial,Economía,,Aprobado como borrador,Parcial,Completar evidencia y producir,1,1,0.329261,1,0.466667,1.3,sin borrador,basado únicamente en titular/metadatos,"Titular central: «¿Cómo se fija el precio del combustible en Panamá? El MEF explica la fórmula quincenal tras aprobarse nuevo subsidio» — panamaamerica.com.pa
Cobertura: 2 titulares · 1 medio · de 2026-10-01 18:30 a 2026-10-02 03:00 (hora de Panamá); fecha de detección
Tema: Economía · Subtema: Inflación y precios (canasta básica, combustibles) (criterio: lexico)
Tema secundario: sin dato
Alcance: basado únicamente en titular/metadatos","«¿Cómo se fija el precio del combustible en Panamá? El MEF explica la fórmula quincenal tras aprobarse nuevo subsidio» — panamaamerica.com.pa (Panamá) · agencia: sin agencia · firma: sin firma · publicación: desconocida · https://www.panamaamerica.com.pa/sociedad/como-se-fija-el-precio-del-combustible-en-panama-el-mef-explica-la-formula-quincenal-tras
«¿Cómo se fija el precio del combustible en Panamá? El MEF explica la fórmula quincenal» — panamaamerica.com.pa (Panamá) · agencia: sin agencia · firma: sin firma · publicación: desconocida · https://www.panamaamerica.com.pa/sociedad/como-se-fija-el-precio-del-combustible-en-panama-el-mef-explica-la-formula-quincenal
Procedencias: 1 procedencia independiente estimada entre 2 titulares: los titulares que replican a un mismo medio, agencia o red cuentan como una sola procedencia.
Procedencia 1: panamaamerica.com.pa · 2 titulares (mismo medio)
¿TVN Panamá ya lo cubrió? No hay titulares de TVN Panamá en este grupo del snapshot; no se afirma que no lo haya cubierto fuera de él.","Conteos de reportes
Hecho: 2 titulares de 1 medio reportan este tema · Cita: GRP-81a11a5998 · n_titulares; GRP-81a11a5998 · n_medios
Hecho: 1 procedencia independiente estimada (los titulares que replican a una misma fuente cuentan como una) · Cita: GRP-81a11a5998 · n_procedencias
Datos oficiales
Hecho: Banco Mundial · dato de Panamá · PAN 2024: 0.69 % anual · Limitación: Dato anual de inflación al consumidor; no es el precio de un producto concreto. Dato anual de 2024; último año disponible con valor de Panamá; puede revisarse. · Cita: IND-PAN-FP.CPI.TOTL.ZG-2024 · valor
Hecho: Banco Mundial · país comparable · COL 2024: 6.61 % anual; CRI 2024: -0.41 % anual; DOM 2024: 3.3 % anual; GTM 2024: 2.87 % anual; MEX 2024: 4.72 % anual · Limitación: Dato anual de inflación al consumidor; no es el precio de un producto concreto. Dato anual de 2024; último año disponible con valor de Panamá; puede revisarse. · Cita: IND-COL-FP.CPI.TOTL.ZG-2024 · valor; IND-CRI-FP.CPI.TOTL.ZG-2024 · valor; IND-DOM-FP.CPI.TOTL.ZG-2024 · valor; IND-GTM-FP.CPI.TOTL.ZG-2024 · valor; IND-MEX-FP.CPI.TOTL.ZG-2024 · valor
Hecho: Banco Mundial · serie de Panamá · PAN 2024: 0.69 % anual; PAN 2023: 1.49 % anual; PAN 2022: 2.86 % anual; PAN 2021: 1.63 % anual; PAN 2020: -1.55 % anual · Limitación: Dato anual de inflación al consumidor; no es el precio de un producto concreto. · Cita: IND-PAN-FP.CPI.TOTL.ZG-2024 · valor; IND-PAN-FP.CPI.TOTL.ZG-2023 · valor; IND-PAN-FP.CPI.TOTL.ZG-2022 · valor; IND-PAN-FP.CPI.TOTL.ZG-2021 · valor; IND-PAN-FP.CPI.TOTL.ZG-2020 · valor
Eventos oficiales
Sin evento oficial vinculado
Lo que dicen los titulares (declaraciones atribuidas a su medio)
Declaración: panamaamerica.com.pa reporta: «¿Cómo se fija el precio del combustible en Panamá? El MEF explica la fórmula quincenal tras aprobarse nuevo subsidio» · Cita: NOT-1710ce462f · titulo_limpio
Declaración: panamaamerica.com.pa reporta: «¿Cómo se fija el precio del combustible en Panamá? El… (completo en el cuerpo de la página)","1 procedencia independiente estimada; se necesitan al menos 2 para evidencia suficiente → Verificar: Buscar el mismo hecho en un medio con fuente propia; una réplica de la misma agencia no cuenta.
2 de 2 titulares sin medio o fecha de publicación conocidos → Verificar: Abrir el enlace de cada titular para identificar el medio y la fecha de publicación original.
urgencia estimada: fecha de publicación desconocida → Verificar: Abrir el enlace de cada titular para identificar el medio y la fecha de publicación original.
Fuentes sugeridas para verificar (sugerencias para quien verifica; no son evidencia del sistema ni se citan como tal)
Contraloría General de la República (INEC)
Autoridad de Protección al Consumidor y Defensa de la Competencia","IND-COL-FP.CPI.TOTL.ZG-2024, IND-CRI-FP.CPI.TOTL.ZG-2024, IND-DOM-FP.CPI.TOTL.ZG-2024, IND-GTM-FP.CPI.TOTL.ZG-2024, IND-MEX-FP.CPI.TOTL.ZG-2024, IND-PAN-FP.CPI.TOTL.ZG-2020, IND-PAN-FP.CPI.TOTL.ZG-2021, IND-PAN-FP.CPI.TOTL.ZG-2022, IND-PAN-FP.CPI.TOTL.ZG-2023, IND-PAN-FP.CPI.TOTL.ZG-2024, NOT-1710ce462f, NOT-96d1ecac7d","Asistente (provisional, D-101) · provisional (D-101)","Revisión provisional del asistente (C-01, D-101/D-112): se comprobó la trazabilidad de cada afirmación contra los datos (outputs/fichas_trazables/trazabilidad.json). No es un juicio editorial humano: lo rehace una persona en C-09.",2026-10-07T21:35:23Z,2026-10-07T21:47:16Z
CASO-004,Editorial,Logística/Canal,,Aprobado como borrador,Parcial,Completar evidencia y producir,1,0.75,0.303963,1,0.333333,1.3,sin borrador,basado únicamente en titular/metadatos,"Titular central: «Ejecutivo sanciona la Ley 552 del Presupuesto del Canal de Panamá por $5,555 millones» — panamaamerica.com.pa
Cobertura: 2 titulares · 2 medios · de 2026-10-01 17:30 a 2026-10-01 22:45 (hora de Panamá); fecha de detección
Tema: Logística/Canal · Subtema: no determinado
Tema secundario: Regulación
Alcance: basado únicamente en titular/metadatos","«Ejecutivo sanciona la Ley 552 del Presupuesto del Canal de Panamá por $5,555 millones» — panamaamerica.com.pa (Panamá) · agencia: sin agencia · firma: sin firma · publicación: desconocida · https://www.panamaamerica.com.pa/economia/ejecutivo-sanciona-la-ley-552-del-presupuesto-del-canal-de-panama-por-5555-millones-1266965
«Canal de Panamá manejará presupuesto de B /. 5,555 millones para 2027» — critica.com.pa (Panamá) · agencia: sin agencia · firma: sin firma · publicación: desconocida · https://www.critica.com.pa/nacional/canal-de-panama-manejara-presupuesto-de-b5555-millones-para-2027-517398
Procedencias: 2 procedencias independientes estimadas entre 2 titulares: los titulares que replican a un mismo medio, agencia o red cuentan como una sola procedencia.
Procedencia 1: panamaamerica.com.pa · 1 titular
Procedencia 2: critica.com.pa · 1 titular
¿TVN Panamá ya lo cubrió? No hay titulares de TVN Panamá en este grupo del snapshot; no se afirma que no lo haya cubierto fuera de él.","Conteos de reportes
Hecho: 2 titulares de 2 medios reportan este tema · Cita: GRP-e78a143f9a · n_titulares; GRP-e78a143f9a · n_medios
Hecho: 2 procedencias independientes estimadas (los titulares que replican a una misma fuente cuentan como una) · Cita: GRP-e78a143f9a · n_procedencias
Datos oficiales
Sin dato oficial que mida el hecho (ver «Qué falta comprobar»)
Eventos oficiales
Sin evento oficial vinculado
Lo que dicen los titulares (declaraciones atribuidas a su medio)
Declaración: panamaamerica.com.pa reporta: «Ejecutivo sanciona la Ley 552 del Presupuesto del Canal de Panamá por $5,555 millones» · Cita: NOT-1fce9a0925 · titulo_limpio
Declaración: critica.com.pa reporta: «Canal de Panamá manejará presupuesto de B /. 5,555 millones para 2027» · Cita: NOT-5a4863366a · titulo_limpio","los titulares traen cifras y no hay dato oficial vinculado → Verificar: Buscar la cifra en la institución oficial que la publica antes de repetirla.
sin dato oficial vinculado (solo vínculo indirecto: no mide el hecho) → Verificar: El indicador vinculado es contexto lejano: buscar un dato oficial que mida el hecho directamente.
2 de 2 titulares sin medio o fecha de publicación conocidos → Verificar: Abrir el enlace de cada titular para identificar el medio y la fecha de publicación original.
Otros vacíos (2)
urgencia estimada: fecha de publicación desconocida → Verificar: Abrir el enlace de cada titular para identificar el medio y la fecha de publicación original.
subtema no determinado: se usó el alcance neutro de impacto → Verificar: Confirmar de qué asunto trata el grupo; sin subtema no hay fuentes sugeridas específicas.
Fuentes sugeridas para verificar (sugerencias para quien verifica; no son evidencia del sistema ni se citan como tal)
Autoridad del Canal de Panamá
Autoridad Marítima de Panamá","NOT-1fce9a0925, NOT-5a4863366a","Asistente (provisional, D-101) · provisional (D-101)","Revisión provisional del asistente (C-01, D-101/D-112): se comprobó la trazabilidad de cada afirmación contra los datos (outputs/fichas_trazables/trazabilidad.json). No es un juicio editorial humano: lo rehace una persona en C-09.",2026-10-07T21:35:24Z,2026-10-07T21:47:16Z
CASO-005,Editorial,Logística/Canal,,Aprobado como borrador,Suficiente,Borrador opcional,1,0.4,0.256344,1,0.5,1.3,versión 1 (generada),basado únicamente en titular/metadatos,"Titular central: «Mulino viajará a Asia: suscribirá convenios bilaterales con Singapur y Vietnam» — laestrella.com.pa
Cobertura: 3 titulares · 3 medios · de 2026-10-01 11:30 a 2026-10-01 14:45 (hora de Panamá); fecha de detección
Tema: Logística/Canal · Subtema: no determinado
Tema secundario: Economía
Alcance: basado únicamente en titular/metadatos","«Presidente panameño visitará Singapur y Vietnam» — prensa-latina.cu (Cuba) · agencia: sin agencia · firma: sin firma · publicación: desconocida · https://www.prensa-latina.cu/2026/10/01/presidente-panameno-visitara-singapur-y-vietnam/
«Mulino viajará a Asia: suscribirá convenios bilaterales con Singapur y Vietnam» — laestrella.com.pa (Panamá) · agencia: sin agencia · firma: sin firma · publicación: desconocida · https://www.laestrella.com.pa/panama/politica/mulino-viajara-a-asia-suscribira-convenios-bilaterales-con-singapur-y-vietnam-HH26129842
«Presidente de Panamá visita Singapur y Vietnam en busca de inversiones» — revistaeyn.com · agencia: sin agencia · firma: sin firma · publicación: desconocida · https://www.revistaeyn.com/centroamericaymundo/presidente-de-panama-visita-singapur-y-vietnam-en-busca-de-inversiones-ED32208738
Procedencias: 3 procedencias independientes estimadas entre 3 titulares: los titulares que replican a un mismo medio, agencia o red cuentan como una sola procedencia.
Procedencia 1: Prensa Latina · 1 titular
Procedencia 2: laestrella.com.pa · 1 titular
Procedencia 3: revistaeyn.com · 1 titular
¿TVN Panamá ya lo cubrió? No hay titulares de TVN Panamá en este grupo del snapshot; no se afirma que no lo haya cubierto fuera de él.","Conteos de reportes
Hecho: 3 titulares de 3 medios reportan este tema · Cita: GRP-da35c3dead · n_titulares; GRP-da35c3dead · n_medios
Hecho: 3 procedencias independientes estimadas (los titulares que replican a una misma fuente cuentan como una) · Cita: GRP-da35c3dead · n_procedencias
Datos oficiales
Sin dato oficial que mida el hecho (ver «Qué falta comprobar»)
Eventos oficiales
Sin evento oficial vinculado
Lo que dicen los titulares (declaraciones atribuidas a su medio)
Declaración: prensa-latina.cu reporta: «Presidente panameño visitará Singapur y Vietnam» · Cita: NOT-1819a7014e · titulo_limpio
Declaración: laestrella.com.pa reporta: «Mulino viajará a Asia: suscribirá convenios bilaterales con Singapur y Vietnam» · Cita: NOT-33032542b7 · titulo_limpio
Declaración: revistaeyn.com reporta: «Presidente de Panamá visita Singapur y Vietnam en busca de inversiones» · Cita: NOT-fbc3efaa5d · titulo_limpio","sin dato oficial vinculado (solo vínculo indirecto: no mide el hecho) → Verificar: El indicador vinculado es contexto lejano: buscar un dato oficial que mida el hecho directamente.
3 de 3 titulares sin medio o fecha de publicación conocidos → Verificar: Abrir el enlace de cada titular para identificar el medio y la fecha de publicación original.
urgencia estimada: fecha de publicación desconocida → Verificar: Abrir el enlace de cada titular para identificar el medio y la fecha de publicación original.
Otros vacíos (1)
subtema no determinado: se usó el alcance neutro de impacto → Verificar: Confirmar de qué asunto trata el grupo; sin subtema no hay fuentes sugeridas específicas.
Fuentes sugeridas para verificar (sugerencias para quien verifica; no son evidencia del sistema ni se citan como tal)
Autoridad del Canal de Panamá
Autoridad Marítima de Panamá","NOT-1819a7014e, NOT-33032542b7, NOT-fbc3efaa5d","Asistente (provisional, D-101) · provisional (D-101)","Revisión provisional del asistente (C-01, D-101/D-112): se comprobó la trazabilidad de cada afirmación contra los datos (outputs/fichas_trazables/trazabilidad.json). No es un juicio editorial humano: lo rehace una persona en C-09.",2026-10-07T21:35:25Z,2026-10-07T21:47:17Z
CASO-006,Editorial,,,Aprobado como borrador,Suficiente,Borrador opcional,0.5,0.4,0.330749,0.918275,0.5,1.3,sin borrador,basado únicamente en titular/metadatos,"Titular central: «Trump streicht Europa - Hilfe, lenkt Millionen nach Lateinamerika» — tz.de
Cobertura: 12 titulares · 12 medios · de 2026-10-02 02:30 a 2026-10-02 03:15 (hora de Panamá); fecha de detección
Tema: sin_tema · Subtema: no determinado
Tema secundario: sin dato
Alcance: basado únicamente en titular/metadatos","«Trump streicht Europa - Hilfe, lenkt Millionen nach Lateinamerika» — tz.de (Alemania) · agencia: sin agencia · firma: sin firma · publicación: desconocida · http://www.tz.de/politik/trump-streicht-europa-hilfe-lenkt-millionen-nach-lateinamerika-zr-94521334.html
«Trump streicht Europa - Hilfe, lenkt Millionen nach Lateinamerika» — az-online.de (Alemania) · agencia: sin agencia · firma: sin firma · publicación: desconocida · https://www.az-online.de/politik/trump-streicht-europa-hilfe-lenkt-millionen-nach-lateinamerika-zr-94521334.html
«Допомога США Європі - Трамп перенаправляє гроші, схвалені для європейських країн, Латинській Америці» — zn.ua (Ucrania) · agencia: sin agencia · firma: sin firma · publicación: desconocida · https://zn.ua/ukr/usa/tramp-perenapravljaje-desjatki-miljoniv-dolariv-dopomohi-ssha-priznachenoji-dlja-jevropi-krajinam-latinskoji-ameriki-wp.html
«Trump streicht Europa - Hilfe, lenkt Millionen nach Lateinamerika» — wa.de (Alemania) · agencia: sin agencia · firma: sin firma · publicación: desconocida · http://www.wa.de/politik/trump-streicht-europa-hilfe-lenkt-millionen-nach-lateinamerika-zr-94521334.html
«Trump streicht Europa - Hilfe, lenkt Millionen nach Lateinamerika» — hna.de (Alemania) · agencia: sin agencia · firma: sin firma · publicación: desconocida · http://www.hna.de/politik/trump-streicht-europa-hilfe-lenkt-millionen-nach-lateinamerika-zr-94521334.html
«Trump streicht Europa - Hilfe, lenkt Millionen nach Lateinamerika» — wlz-online.de (Alemania) · agencia: sin agencia · firma: sin firma · publicación: desconocida · http://www.wlz-online.de/politik/trump-streicht-europa-hilfe-lenkt-millionen-nach-lateinamerika-zr-94521334.html
«Trump streicht Europa - Hilfe, lenkt Millionen nach Lateinamerika» — merkur.de (Alemania) · agencia: sin agencia · firma: sin firma · publicación: desconocida · http://www.merkur.de/politik/trump-streicht-europa-hilfe-lenkt-millionen-nach-lateinamerika-zr-94521334.html
«Tru… (completo en el cuerpo de la página)","Conteos de reportes
Hecho: 12 titulares de 12 medios reportan este tema · Cita: GRP-0dfdd5a021 · n_titulares; GRP-0dfdd5a021 · n_medios
Hecho: 3 procedencias independientes estimadas (los titulares que replican a una misma fuente cuentan como una) · Cita: GRP-0dfdd5a021 · n_procedencias
Datos oficiales
Sin dato oficial que mida el hecho (ver «Qué falta comprobar»)
Eventos oficiales
Sin evento oficial vinculado
Lo que dicen los titulares (declaraciones atribuidas a su medio)
Declaración: tz.de reporta: «Trump streicht Europa - Hilfe, lenkt Millionen nach Lateinamerika» · Cita: NOT-1ba5a41e46 · titulo_limpio
Declaración: az-online.de reporta: «Trump streicht Europa - Hilfe, lenkt Millionen nach Lateinamerika» · Cita: NOT-203cd5b44e · titulo_limpio
Declaración: zn.ua reporta: «Допомога США Європі - Трамп перенаправляє гроші, схвалені для європейських країн, Латинській Америці» · Cita: NOT-213eb698b8 · titulo_limpio
Declaración: wa.de reporta: «Trump streicht Europa - Hilfe, lenkt Millionen nach Lateinamerika» · Cita: NOT-26fd75f865 · titulo_limpio
Declaración: hna.de reporta: «Trump streicht Europa - Hilfe, lenkt Millionen nach Lateinamerika» · Cita: NOT-5d839301a6 · titulo_limpio
Declaración: wlz-online.de reporta: «Trump streicht Europa - Hilfe, lenkt Millionen nach Lateinamerika» · Cita: NOT-6717a15ab7 · titulo_limpio
Declaración: merkur.de reporta: «Trump streicht Europa - Hilfe, lenkt Millionen nach Lateinamerika» · Cita: NOT-99ea1a995f · titulo_limpio
Declaración: ovb-online.de reporta: «Trump streicht Europa - Hilfe, lenkt Millionen nach Lateinamerika» · Cita: NOT-adb01e330f · titulo_limpio
Declaración: kreiszeitung.de reporta: «Trump streicht Europa - Hilfe, lenkt Millionen nach Lateinamerika» · Cita: NOT-d1dad65858 · titulo_limpio
Declaración: op-online.de reporta: «Trump streicht Europa - Hilfe, lenkt Millionen nach Lateinamerika» · Cita: NOT-e80ba5ef9d · titulo_limpio
Declaración: fnp.de reporta: «Trump streicht Europa -… (completo en el cuerpo de la página)","sin dato oficial vinculado (el tema no tiene un indicador oficial asignado) → Verificar: Consultar a la institución oficial responsable del tema por un dato que mida el hecho.
12 de 12 titulares sin medio o fecha de publicación conocidos → Verificar: Abrir el enlace de cada titular para identificar el medio y la fecha de publicación original.
urgencia estimada: fecha de publicación desconocida → Verificar: Abrir el enlace de cada titular para identificar el medio y la fecha de publicación original.
Otros vacíos (1)
subtema no determinado: se usó el alcance neutro de impacto → Verificar: Confirmar de qué asunto trata el grupo; sin subtema no hay fuentes sugeridas específicas.
Fuentes sugeridas para verificar (sugerencias para quien verifica; no son evidencia del sistema ni se citan como tal)
Ninguna: el grupo no tiene tema ni subtema conocido","NOT-1ba5a41e46, NOT-203cd5b44e, NOT-213eb698b8, NOT-26fd75f865, NOT-5d839301a6, NOT-6717a15ab7, NOT-99ea1a995f, NOT-adb01e330f, NOT-d1dad65858, NOT-e80ba5ef9d, NOT-eb363c1b4e, NOT-fb0597e7e5","Asistente (provisional, D-101) · provisional (D-101)","Revisión provisional del asistente (C-01, D-101/D-112): se comprobó la trazabilidad de cada afirmación contra los datos (outputs/fichas_trazables/trazabilidad.json). No es un juicio editorial humano: lo rehace una persona en C-09.",2026-10-07T21:35:26Z,2026-10-07T21:47:17Z
