id_serie,nombre_serie,periodo,valor,unidad,informe,pagina,url,fecha_extraccion,condiciones
SBP-MOROSIDAD-SISTEMA,Saldo moroso sobre la cartera del sistema bancario,2024-01,0.01741113516302623,proporción de la cartera del sistema (0 a 1),Resumen de los saldos morosos por tipo de banca,"hoja «Morosos», celda FM14",https://www.superbancos.gob.pa/documentos/financiera_y_estadistica/reportes_estadisticos/2026/08/calidad_credito_provisiones/Morosos.xlsx,2026-10-07T18:53:25Z,Aviso legal de la SBP: reproducción y redistribución restringidas sin autorización previa por escrito; información solo informativa y sujeta a cambios; la SBP no responde por análisis de terceros. Autorización de reutilización: Pendiente de verificar.
SBP-MOROSIDAD-SISTEMA,Saldo moroso sobre la cartera del sistema bancario,2024-02,0.019860732171235598,proporción de la cartera del sistema (0 a 1),Resumen de los saldos morosos por tipo de banca,"hoja «Morosos», celda FN14",https://www.superbancos.gob.pa/documentos/financiera_y_estadistica/reportes_estadisticos/2026/08/calidad_credito_provisiones/Morosos.xlsx,2026-10-07T18:53:25Z,Aviso legal de la SBP: reproducción y redistribución restringidas sin autorización previa por escrito; información solo informativa y sujeta a cambios; la SBP no responde por análisis de terceros. Autorización de reutilización: Pendiente de verificar.
SBP-MOROSIDAD-SISTEMA,Saldo moroso sobre la cartera del sistema bancario,2024-03,0.0204659026228698,proporción de la cartera del sistema (0 a 1),Resumen de los saldos morosos por tipo de banca,"hoja «Morosos», celda FO14",https://www.superbancos.gob.pa/documentos/financiera_y_estadistica/reportes_estadisticos/2026/08/calidad_credito_provisiones/Morosos.xlsx,2026-10-07T18:53:25Z,Aviso legal de la SBP: reproducción y redistribución restringidas sin autorización previa por escrito; información solo informativa y sujeta a cambios; la SBP no responde por análisis de terceros. Autorización de reutilización: Pendiente de verificar.
SBP-MOROSIDAD-SISTEMA,Saldo moroso sobre la cartera del sistema bancario,2024-04,0.01913003264127727,proporción de la cartera del sistema (0 a 1),Resumen de los saldos morosos por tipo de banca,"hoja «Morosos», celda FP14",https://www.superbancos.gob.pa/documentos/financiera_y_estadistica/reportes_estadisticos/2026/08/calidad_credito_provisiones/Morosos.xlsx,2026-10-07T18:53:25Z,Aviso legal de la SBP: reproducción y redistribución restringidas sin autorización previa por escrito; información solo informativa y sujeta a cambios; la SBP no responde por análisis de terceros. Autorización de reutilización: Pendiente de verificar.
SBP-MOROSIDAD-SISTEMA,Saldo moroso sobre la cartera del sistema bancario,2024-05,0.017360867876804905,proporción de la cartera del sistema (0 a 1),Resumen de los saldos morosos por tipo de banca,"hoja «Morosos», celda FQ14",https://www.superbancos.gob.pa/documentos/financiera_y_estadistica/reportes_estadisticos/2026/08/calidad_credito_provisiones/Morosos.xlsx,2026-10-07T18:53:25Z,Aviso legal de la SBP: reproducción y redistribución restringidas sin autorización previa por escrito; información solo informativa y sujeta a cambios; la SBP no responde por análisis de terceros. Autorización de reutilización: Pendiente de verificar.
SBP-MOROSIDAD-SISTEMA,Saldo moroso sobre la cartera del sistema bancario,2024-06,0.01753787549346265,proporción de la cartera del sistema (0 a 1),Resumen de los saldos morosos por tipo de banca,"hoja «Morosos», celda FR14",https://www.superbancos.gob.pa/documentos/financiera_y_estadistica/reportes_estadisticos/2026/08/calidad_credito_provisiones/Morosos.xlsx,2026-10-07T18:53:25Z,Aviso legal de la SBP: reproducción y redistribución restringidas sin autorización previa por escrito; información solo informativa y sujeta a cambios; la SBP no responde por análisis de terceros. Autorización de reutilización: Pendiente de verificar.
SBP-MOROSIDAD-SISTEMA,Saldo moroso sobre la cartera del sistema bancario,2024-07,0.01785628660692244,proporción de la cartera del sistema (0 a 1),Resumen de los saldos morosos por tipo de banca,"hoja «Morosos», celda FS14",https://www.superbancos.gob.pa/documentos/financiera_y_estadistica/reportes_estadisticos/2026/08/calidad_credito_provisiones/Morosos.xlsx,2026-10-07T18:53:25Z,Aviso legal de la SBP: reproducción y redistribución restringidas sin autorización previa por escrito; información solo informativa y sujeta a cambios; la SBP no responde por análisis de terceros. Autorización de reutilización: Pendiente de verificar.
SBP-MOROSIDAD-SISTEMA,Saldo moroso sobre la cartera del sistema bancario,2024-08,0.017101915490075517,proporción de la cartera del sistema (0 a 1),Resumen de los saldos morosos por tipo de banca,"hoja «Morosos», celda FT14",https://www.superbancos.gob.pa/documentos/financiera_y_estadistica/reportes_estadisticos/2026/08/calidad_credito_provisiones/Morosos.xlsx,2026-10-07T18:53:25Z,Aviso legal de la SBP: reproducción y redistribución restringidas sin autorización previa por escrito; información solo informativa y sujeta a cambios; la SBP no responde por análisis de terceros. Autorización de reutilización: Pendiente de verificar.
SBP-MOROSIDAD-SISTEMA,Saldo moroso sobre la cartera del sistema bancario,2024-09,0.01730361005263687,proporción de la cartera del sistema (0 a 1),Resumen de los saldos morosos por tipo de banca,"hoja «Morosos», celda FU14",https://www.superbancos.gob.pa/documentos/financiera_y_estadistica/reportes_estadisticos/2026/08/calidad_credito_provisiones/Morosos.xlsx,2026-10-07T18:53:25Z,Aviso legal de la SBP: reproducción y redistribución restringidas sin autorización previa por escrito; información solo informativa y sujeta a cambios; la SBP no responde por análisis de terceros. Autorización de reutilización: Pendiente de verificar.
SBP-MOROSIDAD-SISTEMA,Saldo moroso sobre la cartera del sistema bancario,2024-10,0.01730698702061104,proporción de la cartera del sistema (0 a 1),Resumen de los saldos morosos por tipo de banca,"hoja «Morosos», celda FV14",https://www.superbancos.gob.pa/documentos/financiera_y_estadistica/reportes_estadisticos/2026/08/calidad_credito_provisiones/Morosos.xlsx,2026-10-07T18:53:25Z,Aviso legal de la SBP: reproducción y redistribución restringidas sin autorización previa por escrito; información solo informativa y sujeta a cambios; la SBP no responde por análisis de terceros. Autorización de reutilización: Pendiente de verificar.
SBP-MOROSIDAD-SISTEMA,Saldo moroso sobre la cartera del sistema bancario,2024-11,0.0184312199692758,proporción de la cartera del sistema (0 a 1),Resumen de los saldos morosos por tipo de banca,"hoja «Morosos», celda FW14",https://www.superbancos.gob.pa/documentos/financiera_y_estadistica/reportes_estadisticos/2026/08/calidad_credito_provisiones/Morosos.xlsx,2026-10-07T18:53:25Z,Aviso legal de la SBP: reproducción y redistribución restringidas sin autorización previa por escrito; información solo informativa y sujeta a cambios; la SBP no responde por análisis de terceros. Autorización de reutilización: Pendiente de verificar.
SBP-MOROSIDAD-SISTEMA,Saldo moroso sobre la cartera del sistema bancario,2024-12,0.016293810905639014,proporción de la cartera del sistema (0 a 1),Resumen de los saldos morosos por tipo de banca,"hoja «Morosos», celda FX14",https://www.superbancos.gob.pa/documentos/financiera_y_estadistica/reportes_estadisticos/2026/08/calidad_credito_provisiones/Morosos.xlsx,2026-10-07T18:53:25Z,Aviso legal de la SBP: reproducción y redistribución restringidas sin autorización previa por escrito; información solo informativa y sujeta a cambios; la SBP no responde por análisis de terceros. Autorización de reutilización: Pendiente de verificar.
SBP-MOROSOS-SISTEMA,Saldo moroso del sistema bancario,2024-01,1449.1452868800002,millones de balboas,Resumen de los saldos morosos por tipo de banca,"hoja «Morosos», celda FM6",https://www.superbancos.gob.pa/documentos/financiera_y_estadistica/reportes_estadisticos/2026/08/calidad_credito_provisiones/Morosos.xlsx,2026-10-07T18:53:25Z,Aviso legal de la SBP: reproducción y redistribución restringidas sin autorización previa por escrito; información solo informativa y sujeta a cambios; la SBP no responde por análisis de terceros. Autorización de reutilización: Pendiente de verificar.
SBP-MOROSOS-SISTEMA,Saldo moroso del sistema bancario,2024-02,1664.12507083,millones de balboas,Resumen de los saldos morosos por tipo de banca,"hoja «Morosos», celda FN6",https://www.superbancos.gob.pa/documentos/financiera_y_estadistica/reportes_estadisticos/2026/08/calidad_credito_provisiones/Morosos.xlsx,2026-10-07T18:53:25Z,Aviso legal de la SBP: reproducción y redistribución restringidas sin autorización previa por escrito; información solo informativa y sujeta a cambios; la SBP no responde por análisis de terceros. Autorización de reutilización: Pendiente de verificar.
SBP-MOROSOS-SISTEMA,Saldo moroso del sistema bancario,2024-03,1719.9206661599999,millones de balboas,Resumen de los saldos morosos por tipo de banca,"hoja «Morosos», celda FO6",https://www.superbancos.gob.pa/documentos/financiera_y_estadistica/reportes_estadisticos/2026/08/calidad_credito_provisiones/Morosos.xlsx,2026-10-07T18:53:25Z,Aviso legal de la SBP: reproducción y redistribución restringidas sin autorización previa por escrito; información solo informativa y sujeta a cambios; la SBP no responde por análisis de terceros. Autorización de reutilización: Pendiente de verificar.
SBP-MOROSOS-SISTEMA,Saldo moroso del sistema bancario,2024-04,1618.2141334100002,millones de balboas,Resumen de los saldos morosos por tipo de banca,"hoja «Morosos», celda FP6",https://www.superbancos.gob.pa/documentos/financiera_y_estadistica/reportes_estadisticos/2026/08/calidad_credito_provisiones/Morosos.xlsx,2026-10-07T18:53:25Z,Aviso legal de la SBP: reproducción y redistribución restringidas sin autorización previa por escrito; información solo informativa y sujeta a cambios; la SBP no responde por análisis de terceros. Autorización de reutilización: Pendiente de verificar.
SBP-MOROSOS-SISTEMA,Saldo moroso del sistema bancario,2024-05,1473.6988196000002,millones de balboas,Resumen de los saldos morosos por tipo de banca,"hoja «Morosos», celda FQ6",https://www.superbancos.gob.pa/documentos/financiera_y_estadistica/reportes_estadisticos/2026/08/calidad_credito_provisiones/Morosos.xlsx,2026-10-07T18:53:25Z,Aviso legal de la SBP: reproducción y redistribución restringidas sin autorización previa por escrito; información solo informativa y sujeta a cambios; la SBP no responde por análisis de terceros. Autorización de reutilización: Pendiente de verificar.
SBP-MOROSOS-SISTEMA,Saldo moroso del sistema bancario,2024-06,1514.4108862099997,millones de balboas,Resumen de los saldos morosos por tipo de banca,"hoja «Morosos», celda FR6",https://www.superbancos.gob.pa/documentos/financiera_y_estadistica/reportes_estadisticos/2026/08/calidad_credito_provisiones/Morosos.xlsx,2026-10-07T18:53:25Z,Aviso legal de la SBP: reproducción y redistribución restringidas sin autorización previa por escrito; información solo informativa y sujeta a cambios; la SBP no responde por análisis de terceros. Autorización de reutilización: Pendiente de verificar.
SBP-MOROSOS-SISTEMA,Saldo moroso del sistema bancario,2024-07,1549.62600423,millones de balboas,Resumen de los saldos morosos por tipo de banca,"hoja «Morosos», celda FS6",https://www.superbancos.gob.pa/documentos/financiera_y_estadistica/reportes_estadisticos/2026/08/calidad_credito_provisiones/Morosos.xlsx,2026-10-07T18:53:25Z,Aviso legal de la SBP: reproducción y redistribución restringidas sin autorización previa por escrito; información solo informativa y sujeta a cambios; la SBP no responde por análisis de terceros. Autorización de reutilización: Pendiente de verificar.
SBP-MOROSOS-SISTEMA,Saldo moroso del sistema bancario,2024-08,1487.3560226700001,millones de balboas,Resumen de los saldos morosos por tipo de banca,"hoja «Morosos», celda FT6",https://www.superbancos.gob.pa/documentos/financiera_y_estadistica/reportes_estadisticos/2026/08/calidad_credito_provisiones/Morosos.xlsx,2026-10-07T18:53:25Z,Aviso legal de la SBP: reproducción y redistribución restringidas sin autorización previa por escrito; información solo informativa y sujeta a cambios; la SBP no responde por análisis de terceros. Autorización de reutilización: Pendiente de verificar.
SBP-MOROSOS-SISTEMA,Saldo moroso del sistema bancario,2024-09,1534.16624402,millones de balboas,Resumen de los saldos morosos por tipo de banca,"hoja «Morosos», celda FU6",https://www.superbancos.gob.pa/documentos/financiera_y_estadistica/reportes_estadisticos/2026/08/calidad_credito_provisiones/Morosos.xlsx,2026-10-07T18:53:25Z,Aviso legal de la SBP: reproducción y redistribución restringidas sin autorización previa por escrito; información solo informativa y sujeta a cambios; la SBP no responde por análisis de terceros. Autorización de reutilización: Pendiente de verificar.
SBP-MOROSOS-SISTEMA,Saldo moroso del sistema bancario,2024-10,1545.3384963199999,millones de balboas,Resumen de los saldos morosos por tipo de banca,"hoja «Morosos», celda FV6",https://www.superbancos.gob.pa/documentos/financiera_y_estadistica/reportes_estadisticos/2026/08/calidad_credito_provisiones/Morosos.xlsx,2026-10-07T18:53:25Z,Aviso legal de la SBP: reproducción y redistribución restringidas sin autorización previa por escrito; información solo informativa y sujeta a cambios; la SBP no responde por análisis de terceros. Autorización de reutilización: Pendiente de verificar.
SBP-MOROSOS-SISTEMA,Saldo moroso del sistema bancario,2024-11,1646.63033093,millones de balboas,Resumen de los saldos morosos por tipo de banca,"hoja «Morosos», celda FW6",https://www.superbancos.gob.pa/documentos/financiera_y_estadistica/reportes_estadisticos/2026/08/calidad_credito_provisiones/Morosos.xlsx,2026-10-07T18:53:25Z,Aviso legal de la SBP: reproducción y redistribución restringidas sin autorización previa por escrito; información solo informativa y sujeta a cambios; la SBP no responde por análisis de terceros. Autorización de reutilización: Pendiente de verificar.
SBP-MOROSOS-SISTEMA,Saldo moroso del sistema bancario,2024-12,1458.0542223400003,millones de balboas,Resumen de los saldos morosos por tipo de banca,"hoja «Morosos», celda FX6",https://www.superbancos.gob.pa/documentos/financiera_y_estadistica/reportes_estadisticos/2026/08/calidad_credito_provisiones/Morosos.xlsx,2026-10-07T18:53:25Z,Aviso legal de la SBP: reproducción y redistribución restringidas sin autorización previa por escrito; información solo informativa y sujeta a cambios; la SBP no responde por análisis de terceros. Autorización de reutilización: Pendiente de verificar.
SBP-PROVISIONES-SISTEMA,Provisiones para préstamos del sistema bancario,2024-01,2237.2503181800002,millones de balboas,Resumen de las provisiones para préstamos por tipo de banca,"hoja «Provisiones», celda FM6",https://www.superbancos.gob.pa/documentos/financiera_y_estadistica/reportes_estadisticos/2026/08/calidad_credito_provisiones/Provisiones.xlsx,2026-10-07T18:53:31Z,Aviso legal de la SBP: reproducción y redistribución restringidas sin autorización previa por escrito; información solo informativa y sujeta a cambios; la SBP no responde por análisis de terceros. Autorización de reutilización: Pendiente de verificar.
SBP-PROVISIONES-SISTEMA,Provisiones para préstamos del sistema bancario,2024-02,2227.2067145599995,millones de balboas,Resumen de las provisiones para préstamos por tipo de banca,"hoja «Provisiones», celda FN6",https://www.superbancos.gob.pa/documentos/financiera_y_estadistica/reportes_estadisticos/2026/08/calidad_credito_provisiones/Provisiones.xlsx,2026-10-07T18:53:31Z,Aviso legal de la SBP: reproducción y redistribución restringidas sin autorización previa por escrito; información solo informativa y sujeta a cambios; la SBP no responde por análisis de terceros. Autorización de reutilización: Pendiente de verificar.
SBP-PROVISIONES-SISTEMA,Provisiones para préstamos del sistema bancario,2024-03,2227.40308611,millones de balboas,Resumen de las provisiones para préstamos por tipo de banca,"hoja «Provisiones», celda FO6",https://www.superbancos.gob.pa/documentos/financiera_y_estadistica/reportes_estadisticos/2026/08/calidad_credito_provisiones/Provisiones.xlsx,2026-10-07T18:53:31Z,Aviso legal de la SBP: reproducción y redistribución restringidas sin autorización previa por escrito; información solo informativa y sujeta a cambios; la SBP no responde por análisis de terceros. Autorización de reutilización: Pendiente de verificar.
SBP-PROVISIONES-SISTEMA,Provisiones para préstamos del sistema bancario,2024-04,2241.38636202,millones de balboas,Resumen de las provisiones para préstamos por tipo de banca,"hoja «Provisiones», celda FP6",https://www.superbancos.gob.pa/documentos/financiera_y_estadistica/reportes_estadisticos/2026/08/calidad_credito_provisiones/Provisiones.xlsx,2026-10-07T18:53:31Z,Aviso legal de la SBP: reproducción y redistribución restringidas sin autorización previa por escrito; información solo informativa y sujeta a cambios; la SBP no responde por análisis de terceros. Autorización de reutilización: Pendiente de verificar.
SBP-PROVISIONES-SISTEMA,Provisiones para préstamos del sistema bancario,2024-05,2239.52745657,millones de balboas,Resumen de las provisiones para préstamos por tipo de banca,"hoja «Provisiones», celda FQ6",https://www.superbancos.gob.pa/documentos/financiera_y_estadistica/reportes_estadisticos/2026/08/calidad_credito_provisiones/Provisiones.xlsx,2026-10-07T18:53:31Z,Aviso legal de la SBP: reproducción y redistribución restringidas sin autorización previa por escrito; información solo informativa y sujeta a cambios; la SBP no responde por análisis de terceros. Autorización de reutilización: Pendiente de verificar.
SBP-PROVISIONES-SISTEMA,Provisiones para préstamos del sistema bancario,2024-06,2219.1672376799997,millones de balboas,Resumen de las provisiones para préstamos por tipo de banca,"hoja «Provisiones», celda FR6",https://www.superbancos.gob.pa/documentos/financiera_y_estadistica/reportes_estadisticos/2026/08/calidad_credito_provisiones/Provisiones.xlsx,2026-10-07T18:53:31Z,Aviso legal de la SBP: reproducción y redistribución restringidas sin autorización previa por escrito; información solo informativa y sujeta a cambios; la SBP no responde por análisis de terceros. Autorización de reutilización: Pendiente de verificar.
SBP-PROVISIONES-SISTEMA,Provisiones para préstamos del sistema bancario,2024-07,2229.97019308,millones de balboas,Resumen de las provisiones para préstamos por tipo de banca,"hoja «Provisiones», celda FS6",https://www.superbancos.gob.pa/documentos/financiera_y_estadistica/reportes_estadisticos/2026/08/calidad_credito_provisiones/Provisiones.xlsx,2026-10-07T18:53:31Z,Aviso legal de la SBP: reproducción y redistribución restringidas sin autorización previa por escrito; información solo informativa y sujeta a cambios; la SBP no responde por análisis de terceros. Autorización de reutilización: Pendiente de verificar.
SBP-PROVISIONES-SISTEMA,Provisiones para préstamos del sistema bancario,2024-08,2216.74421904,millones de balboas,Resumen de las provisiones para préstamos por tipo de banca,"hoja «Provisiones», celda FT6",https://www.superbancos.gob.pa/documentos/financiera_y_estadistica/reportes_estadisticos/2026/08/calidad_credito_provisiones/Provisiones.xlsx,2026-10-07T18:53:31Z,Aviso legal de la SBP: reproducción y redistribución restringidas sin autorización previa por escrito; información solo informativa y sujeta a cambios; la SBP no responde por análisis de terceros. Autorización de reutilización: Pendiente de verificar.
SBP-PROVISIONES-SISTEMA,Provisiones para préstamos del sistema bancario,2024-09,2201.6291656900003,millones de balboas,Resumen de las provisiones para préstamos por tipo de banca,"hoja «Provisiones», celda FU6",https://www.superbancos.gob.pa/documentos/financiera_y_estadistica/reportes_estadisticos/2026/08/calidad_credito_provisiones/Provisiones.xlsx,2026-10-07T18:53:31Z,Aviso legal de la SBP: reproducción y redistribución restringidas sin autorización previa por escrito; información solo informativa y sujeta a cambios; la SBP no responde por análisis de terceros. Autorización de reutilización: Pendiente de verificar.
SBP-PROVISIONES-SISTEMA,Provisiones para préstamos del sistema bancario,2024-10,2191.29584154,millones de balboas,Resumen de las provisiones para préstamos por tipo de banca,"hoja «Provisiones», celda FV6",https://www.superbancos.gob.pa/documentos/financiera_y_estadistica/reportes_estadisticos/2026/08/calidad_credito_provisiones/Provisiones.xlsx,2026-10-07T18:53:31Z,Aviso legal de la SBP: reproducción y redistribución restringidas sin autorización previa por escrito; información solo informativa y sujeta a cambios; la SBP no responde por análisis de terceros. Autorización de reutilización: Pendiente de verificar.
SBP-PROVISIONES-SISTEMA,Provisiones para préstamos del sistema bancario,2024-11,2179.0679809900003,millones de balboas,Resumen de las provisiones para préstamos por tipo de banca,"hoja «Provisiones», celda FW6",https://www.superbancos.gob.pa/documentos/financiera_y_estadistica/reportes_estadisticos/2026/08/calidad_credito_provisiones/Provisiones.xlsx,2026-10-07T18:53:31Z,Aviso legal de la SBP: reproducción y redistribución restringidas sin autorización previa por escrito; información solo informativa y sujeta a cambios; la SBP no responde por análisis de terceros. Autorización de reutilización: Pendiente de verificar.
SBP-PROVISIONES-SISTEMA,Provisiones para préstamos del sistema bancario,2024-12,2157.07309738,millones de balboas,Resumen de las provisiones para préstamos por tipo de banca,"hoja «Provisiones», celda FX6",https://www.superbancos.gob.pa/documentos/financiera_y_estadistica/reportes_estadisticos/2026/08/calidad_credito_provisiones/Provisiones.xlsx,2026-10-07T18:53:31Z,Aviso legal de la SBP: reproducción y redistribución restringidas sin autorización previa por escrito; información solo informativa y sujeta a cambios; la SBP no responde por análisis de terceros. Autorización de reutilización: Pendiente de verificar.
