id_caso,id_grupo,modalidad,fecha_apertura_utc
CASO-001,GRP-da35c3dead,banca,2026-10-07T18:12:52Z
CASO-002,GRP-21ad932d54,editorial,2026-10-07T21:35:22Z
CASO-003,GRP-81a11a5998,editorial,2026-10-07T21:35:23Z
CASO-004,GRP-e78a143f9a,editorial,2026-10-07T21:35:24Z
CASO-005,GRP-da35c3dead,editorial,2026-10-07T21:35:25Z
CASO-006,GRP-0dfdd5a021,editorial,2026-10-07T21:35:26Z
CASO-007,GRP-5e6531917f,editorial,2026-10-07T21:54:20Z
CASO-008,GRP-79f3183472,editorial,2026-10-07T22:28:15Z
CASO-009,GRP-4d8b340bd9,editorial,2026-10-08T16:04:47Z
CASO-014,GRP-5e6531917f,banca,2026-10-08T22:12:37Z
CASO-015,GRP-da35c3dead,banca,2026-10-08T22:17:51Z
CASO-016,GRP-5e6531917f,editorial,2026-10-08T22:19:50Z
CASO-017,GRP-81a11a5998,editorial,2026-10-08T22:19:51Z
CASO-018,GRP-79f3183472,editorial,2026-10-08T22:19:53Z
CASO-019,GRP-4d8b340bd9,editorial,2026-10-08T22:19:54Z
