id_noticia,tema_propuesto,ambiguo,ejemplo,fuente,nota
NOT-02b2fd142f,sin_contenido,no,no,propuesta_agente,titular sin contenido
NOT-02bd2e47ec,no_es_panama,no,no,propuesta_agente,
NOT-052735cae3,logistica,no,si,propuesta_agente,
NOT-05ae3da7e3,no_es_panama,no,no,propuesta_agente,
NOT-06c7f7d701,no_es_panama,no,no,propuesta_agente,
NOT-0969f86532,no_es_panama,no,no,propuesta_agente,"nota sindicada (Xinhua) sobre LatAm, sin Panamá"
NOT-099a437ecb,fuera_de_temas,no,no,propuesta_agente,
NOT-0a3b33c9d5,sin_contenido,no,no,propuesta_agente,solo el dominio
NOT-0a5be791b0,sin_contenido,no,no,propuesta_agente,solo el dominio
NOT-0c83b0b49e,sin_contenido,no,no,propuesta_agente,solo el dominio
NOT-0d7f10257c,servicios_publicos,no,si,propuesta_agente,
NOT-0d91fa48b0,servicios_publicos,no,no,propuesta_agente,
NOT-0fbe3f9064,no_es_panama,no,no,propuesta_agente,"TVN, pero trata de Argentina"
NOT-14527e9f45,no_es_panama,no,no,propuesta_agente,"TVN, pero trata de Argentina"
NOT-14dcb8e259,servicios_publicos,no,no,propuesta_agente,
NOT-1710ce462f,economia,no,si,propuesta_agente,
NOT-1819a7014e,fuera_de_temas,no,no,propuesta_agente,política exterior
NOT-19d483056a,no_es_panama,no,no,propuesta_agente,Panama City Beach (Florida): falso Panamá
NOT-19d534ddba,no_es_panama,no,no,propuesta_agente,
NOT-1ba5a41e46,no_es_panama,no,no,propuesta_agente,
NOT-1fce9a0925,regulacion,no,si,propuesta_agente,norma nueva (regla 2) con el Canal como sujeto; secundario Logística
NOT-203cd5b44e,no_es_panama,no,no,propuesta_agente,
NOT-213eb698b8,no_es_panama,no,no,propuesta_agente,
NOT-220be165b5,servicios_publicos,si,no,propuesta_agente,
NOT-23b8a1155a,no_es_panama,no,no,propuesta_agente,
NOT-25535e98dd,no_es_panama,no,no,propuesta_agente,
NOT-26fd75f865,no_es_panama,no,no,propuesta_agente,
NOT-278e2e40cf,no_es_panama,no,no,propuesta_agente,
NOT-281264992d,no_es_panama,no,no,propuesta_agente,
NOT-29409f2b7b,no_es_panama,no,no,propuesta_agente,
NOT-2c06135f13,no_es_panama,no,no,propuesta_agente,
NOT-2c59d43457,no_es_panama,no,no,propuesta_agente,
NOT-2ece201ac9,no_es_panama,no,no,propuesta_agente,
NOT-2f73db1173,eventos_naturales,no,si,propuesta_agente,pronóstico del tiempo
NOT-3054cdb253,no_es_panama,no,no,propuesta_agente,
NOT-3175aafec0,servicios_publicos,no,si,propuesta_agente,
NOT-33032542b7,fuera_de_temas,no,no,propuesta_agente,política exterior
NOT-35b6bd907a,no_es_panama,no,no,propuesta_agente,
NOT-364916b1e1,no_es_panama,si,no,propuesta_agente,
NOT-38702b3c42,no_es_panama,si,no,propuesta_agente,
NOT-3be05280f2,servicios_publicos,no,si,propuesta_agente,
NOT-3d5aa5cfec,sin_contenido,no,no,propuesta_agente,solo el nombre del medio
NOT-3e7e311433,no_es_panama,no,no,propuesta_agente,
NOT-4107048810,no_es_panama,no,no,propuesta_agente,
NOT-46ccb7acfc,no_es_panama,no,no,propuesta_agente,
NOT-4bd9ff1d5c,no_es_panama,no,no,propuesta_agente,
NOT-4e1754a3f9,servicios_publicos,no,no,propuesta_agente,
NOT-50c2fa1e7c,no_es_panama,no,no,propuesta_agente,
NOT-524bed949d,no_es_panama,no,no,propuesta_agente,
NOT-54104a8f29,no_es_panama,no,no,propuesta_agente,
NOT-549c8211e8,servicios_publicos,no,no,propuesta_agente,
NOT-574ef5d8a5,no_es_panama,no,no,propuesta_agente,
NOT-5768895344,no_es_panama,no,no,propuesta_agente,
NOT-588cc70d55,no_es_panama,no,no,propuesta_agente,
NOT-5a4863366a,logistica,no,si,propuesta_agente,presupuesto del Canal: regla 3
NOT-5d839301a6,no_es_panama,no,no,propuesta_agente,
NOT-5f01d8ad42,sin_contenido,no,no,propuesta_agente,solo el dominio
NOT-5f3e3c2ca2,no_es_panama,no,no,propuesta_agente,
NOT-613e8bdf24,logistica,si,no,propuesta_agente,convenio de aeropuerto: no distingue carga de pasajeros
NOT-6177f8136c,no_es_panama,no,no,propuesta_agente,
NOT-623c659be3,economia,no,si,propuesta_agente,
NOT-64993efbcf,no_es_panama,no,no,propuesta_agente,
NOT-65049548e8,no_es_panama,no,no,propuesta_agente,
NOT-6570aa0a00,no_es_panama,no,no,propuesta_agente,
NOT-659917802b,no_es_panama,no,no,propuesta_agente,
NOT-660d940f9d,regulacion,no,no,propuesta_agente,"postura sobre reforma electoral, no una norma nueva (no es ejemplo de Regulación)"
NOT-663cf9d020,fuera_de_temas,no,no,propuesta_agente,
NOT-66fdc7fa16,servicios_publicos,no,no,propuesta_agente,
NOT-6717a15ab7,no_es_panama,no,no,propuesta_agente,
NOT-67933d738f,logistica,si,no,propuesta_agente,"nombramiento en el Canal, sin hecho operativo"
NOT-695ae57869,no_es_panama,no,no,propuesta_agente,
NOT-6995afb03d,sin_contenido,no,no,propuesta_agente,solo el dominio
NOT-6cf079b299,no_es_panama,no,no,propuesta_agente,
NOT-6ecb18bd18,no_es_panama,no,no,propuesta_agente,
NOT-6fb7a2662e,no_es_panama,no,no,propuesta_agente,
NOT-707e818414,no_es_panama,no,no,propuesta_agente,
NOT-7170117798,no_es_panama,no,no,propuesta_agente,
NOT-720c2ff646,no_es_panama,no,no,propuesta_agente,
NOT-760266bd52,no_es_panama,no,no,propuesta_agente,
NOT-78827c5155,sin_contenido,no,no,propuesta_agente,solo el dominio
NOT-7993d2b1f3,sin_contenido,no,no,propuesta_agente,solo el dominio
NOT-79dc0fcc3b,sin_contenido,no,no,propuesta_agente,"portada del medio, no un titular"
NOT-7bc0adfe59,no_es_panama,no,no,propuesta_agente,
NOT-81063bea73,no_es_panama,no,no,propuesta_agente,
NOT-8206bf1857,regulacion,si,no,propuesta_agente,opinión sobre la reapertura de la mina: Regulación o Economía
NOT-83cb540519,fuera_de_temas,no,no,propuesta_agente,
NOT-83fcd2619e,no_es_panama,no,no,propuesta_agente,
NOT-87a36bfb3b,no_es_panama,no,no,propuesta_agente,
NOT-8897c80d23,servicios_publicos,si,no,propuesta_agente,
NOT-8921b118ee,servicios_publicos,no,si,propuesta_agente,
NOT-89b5cc1eb2,no_es_panama,no,no,propuesta_agente,
NOT-8eca227e4e,no_es_panama,no,no,propuesta_agente,
NOT-9013970ab7,no_es_panama,no,no,propuesta_agente,
NOT-9049f7c28f,no_es_panama,no,no,propuesta_agente,
NOT-9112a370be,no_es_panama,no,no,propuesta_agente,
NOT-91cf07481a,no_es_panama,no,no,propuesta_agente,
NOT-96445b423c,fuera_de_temas,no,no,propuesta_agente,
NOT-96d1ecac7d,economia,no,no,propuesta_agente,
NOT-99c8146e07,regulacion,no,si,propuesta_agente,
NOT-99ea1a995f,no_es_panama,no,no,propuesta_agente,
NOT-9d163d8d34,no_es_panama,no,no,propuesta_agente,
NOT-9e06ae02d6,no_es_panama,no,no,propuesta_agente,"TVN, pero trata de Argentina"
NOT-9fa200bb12,fuera_de_temas,no,no,propuesta_agente,
NOT-a1aca2bba5,no_es_panama,no,no,propuesta_agente,
NOT-a71293e7e8,no_es_panama,si,no,propuesta_agente,
NOT-a76fe48ec6,servicios_publicos,si,no,propuesta_agente,proceso penal: atribuir como declaración
NOT-a7b275f69d,no_es_panama,no,no,propuesta_agente,
NOT-aacff154c6,economia,si,no,propuesta_agente,obra municipal pequeña
NOT-adb01e330f,no_es_panama,no,no,propuesta_agente,
NOT-af16fef0ea,no_es_panama,no,no,propuesta_agente,
NOT-af2c98a539,no_es_panama,no,no,propuesta_agente,
NOT-b02a506af4,no_es_panama,no,no,propuesta_agente,
NOT-b0fc5636be,no_es_panama,no,no,propuesta_agente,
NOT-b10a85aa49,no_es_panama,no,no,propuesta_agente,
NOT-b449afb957,no_es_panama,no,no,propuesta_agente,
NOT-b540cd2623,fuera_de_temas,no,no,propuesta_agente,autopromoción de TVN
NOT-b55ac9551b,no_es_panama,no,no,propuesta_agente,
NOT-b627063783,no_es_panama,no,no,propuesta_agente,
NOT-b6dce26de7,no_es_panama,no,no,propuesta_agente,
NOT-b6fbd96717,no_es_panama,no,no,propuesta_agente,
NOT-b8a74fdc09,no_es_panama,no,no,propuesta_agente,
NOT-b9a18baba2,no_es_panama,no,no,propuesta_agente,
NOT-ba54c3921d,economia,si,no,propuesta_agente,columna de opinión
NOT-bac341eccd,no_es_panama,no,no,propuesta_agente,
NOT-bcf86bd3b1,no_es_panama,no,no,propuesta_agente,
NOT-bd4d4c3bb9,no_es_panama,no,no,propuesta_agente,
NOT-be4ff48db9,no_es_panama,no,no,propuesta_agente,
NOT-be804f1f0f,fuera_de_temas,no,no,propuesta_agente,
NOT-beaff867af,no_es_panama,no,no,propuesta_agente,
NOT-c39cf19633,no_es_panama,no,no,propuesta_agente,
NOT-c3d020a4f3,fuera_de_temas,no,no,propuesta_agente,
NOT-c50d546026,no_es_panama,no,no,propuesta_agente,
NOT-c6484b2dd2,no_es_panama,no,no,propuesta_agente,
NOT-c712a8d7e4,no_es_panama,no,no,propuesta_agente,
NOT-c8859ae7ee,no_es_panama,no,no,propuesta_agente,
NOT-ca4e1fbcb5,no_es_panama,no,no,propuesta_agente,
NOT-ca6fae4efb,servicios_publicos,si,no,propuesta_agente,incidente menor en un hospital
NOT-cf027fac38,economia,si,no,propuesta_agente,
NOT-cfb4443c40,no_es_panama,no,no,propuesta_agente,
NOT-d0819b0c85,no_es_panama,no,no,propuesta_agente,
NOT-d1a04c684b,servicios_publicos,si,no,propuesta_agente,decomiso: seguridad o comercio exterior
NOT-d1dad65858,no_es_panama,no,no,propuesta_agente,
NOT-d25926a799,turismo,no,si,propuesta_agente,
NOT-d6cc7acc03,fuera_de_temas,no,no,propuesta_agente,
NOT-d84f07e7fe,no_es_panama,no,no,propuesta_agente,
NOT-dabad2e0a8,no_es_panama,no,no,propuesta_agente,
NOT-ddac67c160,no_es_panama,no,no,propuesta_agente,
NOT-dde43008f3,no_es_panama,no,no,propuesta_agente,
NOT-df715aff6f,no_es_panama,si,no,propuesta_agente,
NOT-dfa8707d5a,servicios_publicos,no,no,propuesta_agente,
NOT-dffe2ef209,no_es_panama,no,no,propuesta_agente,
NOT-e1ef662816,no_es_panama,si,no,propuesta_agente,
NOT-e26f5334c5,no_es_panama,no,no,propuesta_agente,
NOT-e2ac2876f4,no_es_panama,no,no,propuesta_agente,
NOT-e4be84d36a,no_es_panama,no,no,propuesta_agente,
NOT-e4f8660e0d,no_es_panama,no,no,propuesta_agente,
NOT-e736a5921e,fuera_de_temas,no,no,propuesta_agente,
NOT-e795e93c9d,no_es_panama,no,no,propuesta_agente,
NOT-e80ba5ef9d,no_es_panama,no,no,propuesta_agente,
NOT-eaba574dbb,no_es_panama,no,no,propuesta_agente,
NOT-eb363c1b4e,no_es_panama,no,no,propuesta_agente,
NOT-edfc58467e,no_es_panama,no,no,propuesta_agente,
NOT-eeb80a4913,fuera_de_temas,no,no,propuesta_agente,
NOT-effffb966a,no_es_panama,si,no,propuesta_agente,
NOT-f01abb1ca2,no_es_panama,si,no,propuesta_agente,región; Panamá no se nombra
NOT-f1f1f6e600,economia,si,no,propuesta_agente,concesión aún sin norma nueva
NOT-f248fefaf9,servicios_publicos,no,si,propuesta_agente,
NOT-f2f4a261fd,eventos_naturales,no,si,propuesta_agente,
NOT-f30196a523,fuera_de_temas,no,no,propuesta_agente,
NOT-f3d006df3b,no_es_panama,no,no,propuesta_agente,
NOT-f4a17a8d52,no_es_panama,no,no,propuesta_agente,
NOT-f6491b8c9f,no_es_panama,no,no,propuesta_agente,
NOT-f6e4a664ee,no_es_panama,no,no,propuesta_agente,
NOT-f72f3ddb76,no_es_panama,si,no,propuesta_agente,carga global; Panamá no se nombra
NOT-f774285176,no_es_panama,no,no,propuesta_agente,
NOT-f7f8b492d1,logistica,no,si,propuesta_agente,
NOT-f93b53dbaf,no_es_panama,no,no,propuesta_agente,
NOT-f9dc7ffeb1,no_es_panama,no,no,propuesta_agente,
NOT-faebbc2867,no_es_panama,no,no,propuesta_agente,
NOT-fb0597e7e5,no_es_panama,no,no,propuesta_agente,
NOT-fb96d4be46,no_es_panama,no,no,propuesta_agente,
NOT-fbc3efaa5d,fuera_de_temas,no,no,propuesta_agente,política exterior
NOT-fbcc9e5a02,no_es_panama,no,no,propuesta_agente,
NOT-fc94561c6d,no_es_panama,no,no,propuesta_agente,
NOT-ff1b1ed15c,servicios_publicos,no,si,propuesta_agente,
NOT-ff3fb6b356,no_es_panama,no,no,propuesta_agente,
