umbral,tp,fp,fn,f1
0.5,271,30,1,0.9459
0.505,271,30,1,0.9459
0.51,271,30,1,0.9459
0.515,271,30,1,0.9459
0.52,271,29,1,0.9476
0.525,271,29,1,0.9476
0.53,271,29,1,0.9476
0.535,271,29,1,0.9476
0.54,271,29,1,0.9476
0.545,271,27,1,0.9509
0.55,271,27,1,0.9509
0.555,271,27,1,0.9509
0.56,271,27,1,0.9509
0.565,271,27,1,0.9509
0.57,271,27,1,0.9509
0.575,271,27,1,0.9509
0.58,259,3,13,0.97
0.585,259,3,13,0.97
0.59,259,3,13,0.97
0.595,259,3,13,0.97
0.6,259,3,13,0.97
0.605,259,3,13,0.97
0.61,259,3,13,0.97
0.615,259,3,13,0.97
0.62,259,3,13,0.97
0.625,259,1,13,0.9737
0.63,259,1,13,0.9737
0.635,259,1,13,0.9737
0.64,259,1,13,0.9737
0.645,259,1,13,0.9737
0.65,259,1,13,0.9737
0.655,259,1,13,0.9737
0.66,259,1,13,0.9737
0.665,259,1,13,0.9737
0.67,259,1,13,0.9737
0.675,259,1,13,0.9737
0.68,259,0,13,0.9755
0.685,259,0,13,0.9755
0.69,259,0,13,0.9755
0.695,259,0,13,0.9755
0.7,259,0,13,0.9755
0.705,259,0,13,0.9755
0.71,257,0,15,0.9716
0.715,257,0,15,0.9716
0.72,257,0,15,0.9716
0.725,257,0,15,0.9716
0.73,257,0,15,0.9716
0.735,257,0,15,0.9716
0.74,257,0,15,0.9716
0.745,257,0,15,0.9716
0.75,257,0,15,0.9716
0.755,257,0,15,0.9716
0.76,257,0,15,0.9716
0.765,257,0,15,0.9716
0.77,257,0,15,0.9716
0.775,257,0,15,0.9716
0.78,257,0,15,0.9716
0.785,257,0,15,0.9716
0.79,257,0,15,0.9716
0.795,257,0,15,0.9716
0.8,257,0,15,0.9716
0.805,257,0,15,0.9716
0.81,257,0,15,0.9716
0.815,257,0,15,0.9716
0.82,257,0,15,0.9716
0.825,257,0,15,0.9716
0.83,246,0,26,0.9498
0.835,246,0,26,0.9498
0.84,246,0,26,0.9498
0.845,246,0,26,0.9498
0.85,246,0,26,0.9498
0.855,246,0,26,0.9498
0.86,246,0,26,0.9498
0.865,246,0,26,0.9498
0.87,236,0,36,0.9291
0.875,236,0,36,0.9291
0.88,236,0,36,0.9291
0.885,236,0,36,0.9291
0.89,236,0,36,0.9291
0.895,236,0,36,0.9291
0.9,236,0,36,0.9291
0.905,236,0,36,0.9291
0.91,235,0,37,0.927
0.915,235,0,37,0.927
0.92,235,0,37,0.927
0.925,235,0,37,0.927
0.93,235,0,37,0.927
0.935,235,0,37,0.927
0.94,235,0,37,0.927
0.945,184,0,88,0.807
0.95,184,0,88,0.807
0.955,184,0,88,0.807
0.96,184,0,88,0.807
0.965,184,0,88,0.807
0.97,184,0,88,0.807
0.975,184,0,88,0.807
0.98,184,0,88,0.807
0.985,184,0,88,0.807
0.99,184,0,88,0.807
