Prueba,ID,Caso de uso,Entrada,Resultado esperado,Resultado observado,Evidencia de ejecución,Estado,Corrección aplicada,Tareas relacionadas,Archivo de test
T01 · Archivo con fechas inválidas y nulos,T01,—,"Fixture sintético: CSV con fechas rotas, campos obligatorios vacíos y nulos","Validar, separar errores y conservar nulos; no bloquear toda la carga",58 de 58 pruebas pasan,poetry run pytest -q tests/ -m t01 · 2026-10-09T02:59:20Z · commit 3ad50f61090d+sin-confirmar,Pasa,,"E0-05, E1-02",tests/test_t01_carga.py
T02 · Tres registros del mismo evento,T02,CU-03,Tres titulares del mismo hecho en medios distintos,Agrupar sin perder fuentes; no triplicar importancia ni corroboración,7 de 7 pruebas pasan,poetry run pytest -q tests/ -m t02 · 2026-10-09T02:59:20Z · commit 3ad50f61090d+sin-confirmar,Pasa,,"E1-08, E1-10",tests/test_t02_agrupacion.py
T03 · Noticia antigua recirculada,T03,—,Fixture sintético: publicación antigua con fecha de detección reciente,Mostrar fecha original; no presentarla como evento nuevo,14 de 14 pruebas pasan,poetry run pytest -q tests/ -m t03 · 2026-10-09T02:59:20Z · commit 3ad50f61090d+sin-confirmar,Pasa,,"E0-05, E1-03, E1-10",tests/test_t03_recirculada.py
T04 · Cifra anual del Banco Mundial,T04,CU-02,Brief que usa un indicador anual,"Mantener país, año y unidad; citar el dato y no describirlo como cifra de hoy",76 de 76 pruebas pasan,poetry run pytest -q tests/ -m t04 · 2026-10-09T02:59:20Z · commit 3ad50f61090d+sin-confirmar,Pasa,,"E1-09, E1-13",tests/test_t04_contexto.py
T05 · Dos afirmaciones incompatibles,T05,CU-04,Fixture sintético: dos titulares con cifras o versiones incompatibles,"Mostrar ambas, su alcance y la revisión pendiente; no escoger arbitrariamente",28 de 28 pruebas pasan,poetry run pytest -q tests/ -m t05 · 2026-10-09T02:59:20Z · commit 3ad50f61090d+sin-confirmar,Pasa,,"E0-05, E1-10",tests/test_t05_contradiccion.py
T06 · Consulta sin respuesta en el corpus,T06,CU-04,Pregunta por un tema o cifra inexistente,Abstención explícita; ninguna cifra o cita inventada,7 de 7 pruebas pasan,poetry run pytest -q tests/ -m t06 · 2026-10-09T02:59:20Z · commit 3ad50f61090d+sin-confirmar,Pasa,,E1-11,tests/test_t06_abstencion.py
T07 · Fuente que exige ignorar instrucciones,T07,—,Fixture sintético: titular o descripción con instrucciones maliciosas,Tratarla como contenido no confiable; no revelar secretos ni ejecutar acciones,25 de 25 pruebas pasan,poetry run pytest -q tests/ -m t07 · 2026-10-09T02:59:20Z · commit 3ad50f61090d+sin-confirmar,Pasa,,"E0-05, E1-12",tests/test_t07_inyeccion.py
T08 · Caso de prioridad alta,T08,CU-01,Tema con P ≥ 70,Exponer componentes y regla; la prioridad no habilita publicación,49 de 49 pruebas pasan,poetry run pytest -q tests/ -m t08 · 2026-10-09T02:59:20Z · commit 3ad50f61090d+sin-confirmar,Pasa,,"E1-10, E1-15",tests/test_t08_prioridad.py
T09 · Brief editorial o boletín bancario,T09,CU-02 · CU-05,Generación del paquete editorial y del boletín,"Formato útil, citas pertinentes y distinción de hechos e inferencias",37 de 37 pruebas pasan,poetry run pytest -q tests/ -m t09 · 2026-10-09T02:59:20Z · commit 3ad50f61090d+sin-confirmar,Pasa,,"E1-12, E1-13, E2-02",tests/test_t09_borrador.py
T10 · Sin internet durante la demo,T10,—,Recorrido completo con Wi-Fi apagado,Funcionar con snapshot y fallback documentado; dejar evidencia en Notion,9 de 9 pruebas pasan; pendiente el ensayo C-04 con Wi-Fi apagado y su evidencia en Notion; el test cubre el recorrido con snapshot y caché,poetry run pytest -q tests/ -m t10 · 2026-10-09T02:59:20Z · commit 3ad50f61090d+sin-confirmar,Pendiente,,"E1-14, C-04",tests/test_t10_offline.py + ensayo C-04
