id_muestra,origen,id_unidad,id_afirmacion,tipo,texto,citas,evidencia_citada,veredicto,comentario,revisor
S01,borrador,GRP-84a6b3a04b,A2,hecho,El grupo de registros reúne 1 titular de 1 medio que reporta este tema.,GRP-84a6b3a04b · n_titulares,GRP-84a6b3a04b · n_titulares: «1 titular de 1 medio reporta este tema»,,,
S02,borrador,GRP-84a6b3a04b,A3,hecho,El grupo de registros reúne 1 medio que reporta este tema.,GRP-84a6b3a04b · n_medios,GRP-84a6b3a04b · n_medios: «1 titular de 1 medio reporta este tema»,,,
S03,borrador,GRP-da35c3dead,A1,declaración,El medio prensa-latina.cu reporta que el presidente panameño visitará Singapur y Vietnam.,NOT-1819a7014e · titulo_limpio,NOT-1819a7014e · titulo_limpio: «Presidente panameño visitará Singapur y Vietnam» (medio: prensa-latina.cu),,,
S04,borrador,GRP-da35c3dead,A2,declaración,El medio laestrella.com.pa reporta que Mulino viajará a Asia y suscribirá convenios bilaterales con Singapur y Vietnam.,NOT-33032542b7 · titulo_limpio,NOT-33032542b7 · titulo_limpio: «Mulino viajará a Asia: suscribirá convenios bilaterales con Singapur y Vietnam» (medio: laestrella.com.pa),,,
S05,borrador,GRP-da35c3dead,A4,hecho,El grupo de registros reúne 3 titulares de 3 medios que reportan este tema.,GRP-da35c3dead · n_titulares; GRP-da35c3dead · n_medios,GRP-da35c3dead · n_titulares: «3 titulares de 3 medios reportan este tema» | GRP-da35c3dead · n_medios: «3 titulares de 3 medios reportan este tema»,,,
S06,consulta,BDEV-001,A2,declaración,"Medio Sintético C titula: «Presupuesto del Canal para 2027 sería de $5.255 millones» (2026-10-01, fecha de publicación en UTC).",SYN-CAN-0001 · titulo_original; SYN-CAN-0001 · medio; SYN-CAN-0001 · fecha_publicacion,SYN-CAN-0001 · titulo_original: titulo_original: «Presupuesto del Canal para 2027 sería de $5.255 millones» (medio: Medio Sintético C; fecha_publicacion: 2026-10-01T13:00:00Z) | SYN-CAN-0001 · medio: medio: «Medio Sintético C» (medio: Medio Sintético C; fecha_publicacion: 2026-10-01T13:00:00Z) | SYN-CAN-0001 · fecha_publicacion: fecha_publicacion: «2026-10-01T13:00:00Z» (medio: Medio Sintético C; fecha_publicacion: 2026-10-01T13:00:00Z),,,
S07,consulta,BDEV-001,A3,declaración,"panamaamerica.com.pa titula: «Ejecutivo sanciona la Ley 552 del Presupuesto del Canal de Panamá por $5 , 555 millones».",NOT-1fce9a0925 · titulo_original; NOT-1fce9a0925 · medio,"NOT-1fce9a0925 · titulo_original: titulo_original: «Ejecutivo sanciona la Ley 552 del Presupuesto del Canal de Panamá por $5 , 555 millones» (medio: panamaamerica.com.pa; fecha_publicacion: None) | NOT-1fce9a0925 · medio: medio: «panamaamerica.com.pa» (medio: panamaamerica.com.pa; fecha_publicacion: None)",,,
S08,consulta,BDEV-002,A1,declaración,laestrella.com.pa titula: «Mulino viajará a Asia : suscribirá convenios bilaterales con Singapur y Vietnam».,NOT-33032542b7 · titulo_original; NOT-33032542b7 · medio,NOT-33032542b7 · titulo_original: titulo_original: «Mulino viajará a Asia : suscribirá convenios bilaterales con Singapur y Vietnam» (medio: laestrella.com.pa; fecha_publicacion: None) | NOT-33032542b7 · medio: medio: «laestrella.com.pa» (medio: laestrella.com.pa; fecha_publicacion: None),,,
S09,consulta,BDEV-003,A1,declaración,panamaamerica.com.pa titula: «¿ Cómo se fija el precio del combustible en Panamá ? El MEF explica la fórmula quincenal tras aprobarse nuevo subsidio».,NOT-1710ce462f · titulo_original; NOT-1710ce462f · medio,NOT-1710ce462f · titulo_original: titulo_original: «¿ Cómo se fija el precio del combustible en Panamá ? El MEF explica la fórmula quincenal tras aprobarse nuevo subsidio» (medio: panamaamerica.com.pa; fecha_publicacion: None) | NOT-1710ce462f · medio: medio: «panamaamerica.com.pa» (medio: panamaamerica.com.pa; fecha_publicacion: None),,,
S10,consulta,BDEV-005,A1,declaración,"prensa.com titula: «Panamá apunta a salir de la lista fiscal de la Unión Europea , pero aún enfrenta una revisión clave en 2027».",NOT-99c8146e07 · titulo_original; NOT-99c8146e07 · medio,"NOT-99c8146e07 · titulo_original: titulo_original: «Panamá apunta a salir de la lista fiscal de la Unión Europea , pero aún enfrenta una revisión clave en 2027» (medio: prensa.com; fecha_publicacion: None) | NOT-99c8146e07 · medio: medio: «prensa.com» (medio: prensa.com; fecha_publicacion: None)",,,
S11,consulta,BDEV-010,A1,hecho,Inflación (precios al consumidor) de Panamá en 2024: 0.69 % anual (Banco Mundial; dato anual).,IND-PAN-FP.CPI.TOTL.ZG-2024 · valor,"IND-PAN-FP.CPI.TOTL.ZG-2024 · valor: valor: 0.69322555100446 (indicador FP.CPI.TOTL.ZG, PAN, año 2024, unidad % anual)",,,
S12,consulta,BDEV-011,A1,hecho,Desempleo de Panamá en 2023: 6.54 % de la fuerza laboral (Banco Mundial; dato anual).,IND-PAN-SL.UEM.TOTL.ZS-2023 · valor,"IND-PAN-SL.UEM.TOTL.ZS-2023 · valor: valor: 6.544 (indicador SL.UEM.TOTL.ZS, PAN, año 2023, unidad % de la fuerza laboral)",,,
S13,consulta,BDEV-011,A2,hecho,Desempleo de Panamá en 2024: 8.45 % de la fuerza laboral (Banco Mundial; dato anual).,IND-PAN-SL.UEM.TOTL.ZS-2024 · valor,"IND-PAN-SL.UEM.TOTL.ZS-2024 · valor: valor: 8.451 (indicador SL.UEM.TOTL.ZS, PAN, año 2024, unidad % de la fuerza laboral)",,,
S14,consulta,BDEV-014,A1,hecho,Uso de internet de Panamá en 2023: 68.55 % de la población (Banco Mundial; dato anual).,IND-PAN-IT.NET.USER.ZS-2023 · valor,"IND-PAN-IT.NET.USER.ZS-2023 · valor: valor: 68.54851592 (indicador IT.NET.USER.ZS, PAN, año 2023, unidad % de la población)",,,
S15,consulta,BDEV-014,A3,hecho,Población total de Panamá en 2023: 4458759 personas (Banco Mundial; dato anual).,IND-PAN-SP.POP.TOTL-2023 · valor,"IND-PAN-SP.POP.TOTL-2023 · valor: valor: 4458759.0 (indicador SP.POP.TOTL, PAN, año 2023, unidad personas)",,,
S16,consulta,BDEV-014,A4,hecho,Población total de Panamá en 2024: 4515577 personas (Banco Mundial; dato anual).,IND-PAN-SP.POP.TOTL-2024 · valor,"IND-PAN-SP.POP.TOTL-2024 · valor: valor: 4515577.0 (indicador SP.POP.TOTL, PAN, año 2024, unidad personas)",,,
S17,consulta,BDEV-016,A1,hecho,"USGS registró un sismo de magnitud 4.20 el 2024-07-15T05:59:36Z, «5 km S of Puerto Armuelles, Panama».",SIS-us7000mzaj · magnitude,"SIS-us7000mzaj · magnitude: magnitude: 4.2 (lugar: 5 km S of Puerto Armuelles, Panama; hora: 2024-07-15T05:59:36Z)",,,
S18,consulta,BDEV-016,A2,hecho,"USGS registró un sismo de magnitud 5.70 el 2024-07-22T19:19:35Z, «8 km SE of Puerto Armuelles, Panama».",SIS-us6000nejp · magnitude,"SIS-us6000nejp · magnitude: magnitude: 5.7 (lugar: 8 km SE of Puerto Armuelles, Panama; hora: 2024-07-22T19:19:35Z)",,,
S19,consulta,BDEV-019,A1,declaración,laestrella.com.pa titula: «Exportaciones de banano superan los $17 millones en junio y marcan recuperación».,NOT-623c659be3 · titulo_original; NOT-623c659be3 · medio,NOT-623c659be3 · titulo_original: titulo_original: «Exportaciones de banano superan los $17 millones en junio y marcan recuperación» (medio: laestrella.com.pa; fecha_publicacion: None) | NOT-623c659be3 · medio: medio: «laestrella.com.pa» (medio: laestrella.com.pa; fecha_publicacion: None),,,
S20,consulta,BDEV-020,A1,declaración,"TVN Panamá titula: «Minsa: Adelantan vacunación contra VSR en embarazadas» (2026-10-05, fecha de publicación en UTC).",NOT-3175aafec0 · titulo_original; NOT-3175aafec0 · medio; NOT-3175aafec0 · fecha_publicacion,NOT-3175aafec0 · titulo_original: titulo_original: «Minsa: Adelantan vacunación contra VSR en embarazadas» (medio: TVN Panamá; fecha_publicacion: 2026-10-05T19:47:41Z) | NOT-3175aafec0 · medio: medio: «TVN Panamá» (medio: TVN Panamá; fecha_publicacion: 2026-10-05T19:47:41Z) | NOT-3175aafec0 · fecha_publicacion: fecha_publicacion: «2026-10-05T19:47:41Z» (medio: TVN Panamá; fecha_publicacion: 2026-10-05T19:47:41Z),,,
S21,consulta,BDEV-021,A3,hecho,"USGS registró un sismo de magnitud 5 el 2024-09-18T07:52:28Z, «south of Panama».",SIS-us6000nsuw · magnitude,SIS-us6000nsuw · magnitude: magnitude: 5.0 (lugar: south of Panama; hora: 2024-09-18T07:52:28Z),,,
S22,consulta,BDEV-023,A1,declaración,panamaamerica.com.pa titula: «¿ Cómo se fija el precio del combustible en Panamá ? El MEF explica la fórmula quincenal tras aprobarse nuevo subsidio».,NOT-1710ce462f · titulo_original; NOT-1710ce462f · medio,NOT-1710ce462f · titulo_original: titulo_original: «¿ Cómo se fija el precio del combustible en Panamá ? El MEF explica la fórmula quincenal tras aprobarse nuevo subsidio» (medio: panamaamerica.com.pa; fecha_publicacion: None) | NOT-1710ce462f · medio: medio: «panamaamerica.com.pa» (medio: panamaamerica.com.pa; fecha_publicacion: None),,,
S23,consulta,BDEV-024,A1,declaración,"prensa.com titula: «Panamá apunta a salir de la lista fiscal de la Unión Europea , pero aún enfrenta una revisión clave en 2027».",NOT-99c8146e07 · titulo_original; NOT-99c8146e07 · medio,"NOT-99c8146e07 · titulo_original: titulo_original: «Panamá apunta a salir de la lista fiscal de la Unión Europea , pero aún enfrenta una revisión clave en 2027» (medio: prensa.com; fecha_publicacion: None) | NOT-99c8146e07 · medio: medio: «prensa.com» (medio: prensa.com; fecha_publicacion: None)",,,
S24,consulta,BDEV-025,A1,hecho,Inflación (precios al consumidor) de Panamá en 2024: 0.69 % anual (Banco Mundial; dato anual).,IND-PAN-FP.CPI.TOTL.ZG-2024 · valor,"IND-PAN-FP.CPI.TOTL.ZG-2024 · valor: valor: 0.69322555100446 (indicador FP.CPI.TOTL.ZG, PAN, año 2024, unidad % anual)",,,
S25,consulta,BDEV-026,A3,hecho,Desempleo de Panamá en 2023: 6.54 % de la fuerza laboral (Banco Mundial; dato anual).,IND-PAN-SL.UEM.TOTL.ZS-2023 · valor,"IND-PAN-SL.UEM.TOTL.ZS-2023 · valor: valor: 6.544 (indicador SL.UEM.TOTL.ZS, PAN, año 2023, unidad % de la fuerza laboral)",,,
S26,consulta,BDEV-027,A1,declaración,"Medio Sintético C titula: «Presupuesto del Canal para 2027 sería de $5.255 millones» (2026-10-01, fecha de publicación en UTC).",SYN-CAN-0001 · titulo_original; SYN-CAN-0001 · medio; SYN-CAN-0001 · fecha_publicacion,SYN-CAN-0001 · titulo_original: titulo_original: «Presupuesto del Canal para 2027 sería de $5.255 millones» (medio: Medio Sintético C; fecha_publicacion: 2026-10-01T13:00:00Z) | SYN-CAN-0001 · medio: medio: «Medio Sintético C» (medio: Medio Sintético C; fecha_publicacion: 2026-10-01T13:00:00Z) | SYN-CAN-0001 · fecha_publicacion: fecha_publicacion: «2026-10-01T13:00:00Z» (medio: Medio Sintético C; fecha_publicacion: 2026-10-01T13:00:00Z),,,
S27,consulta,BDEV-027,A3,declaración,"panamaamerica.com.pa titula: «Ejecutivo sanciona la Ley 552 del Presupuesto del Canal de Panamá por $5 , 555 millones».",NOT-1fce9a0925 · titulo_original; NOT-1fce9a0925 · medio,"NOT-1fce9a0925 · titulo_original: titulo_original: «Ejecutivo sanciona la Ley 552 del Presupuesto del Canal de Panamá por $5 , 555 millones» (medio: panamaamerica.com.pa; fecha_publicacion: None) | NOT-1fce9a0925 · medio: medio: «panamaamerica.com.pa» (medio: panamaamerica.com.pa; fecha_publicacion: None)",,,
S28,consulta,BDEV-036,A1,declaración,"TVN Panamá titula: «Aprehenden a Enrique Lau, exdirector de la CSS, por supuesto enriquecimiento injustificado» (2026-10-06, fecha de publicación en UTC).",NOT-a76fe48ec6 · titulo_original; NOT-a76fe48ec6 · medio; NOT-a76fe48ec6 · fecha_publicacion,"NOT-a76fe48ec6 · titulo_original: titulo_original: «Aprehenden a Enrique Lau, exdirector de la CSS, por supuesto enriquecimiento injustificado» (medio: TVN Panamá; fecha_publicacion: 2026-10-06T11:50:00Z) | NOT-a76fe48ec6 · medio: medio: «TVN Panamá» (medio: TVN Panamá; fecha_publicacion: 2026-10-06T11:50:00Z) | NOT-a76fe48ec6 · fecha_publicacion: fecha_publicacion: «2026-10-06T11:50:00Z» (medio: TVN Panamá; fecha_publicacion: 2026-10-06T11:50:00Z)",,,
S29,consulta,BDEV-037,A1,declaración,laestrella.com.pa titula: «Mulino viajará a Asia : suscribirá convenios bilaterales con Singapur y Vietnam».,NOT-33032542b7 · titulo_original; NOT-33032542b7 · medio,NOT-33032542b7 · titulo_original: titulo_original: «Mulino viajará a Asia : suscribirá convenios bilaterales con Singapur y Vietnam» (medio: laestrella.com.pa; fecha_publicacion: None) | NOT-33032542b7 · medio: medio: «laestrella.com.pa» (medio: laestrella.com.pa; fecha_publicacion: None),,,
S30,consulta,BDEV-038,A1,hecho,Desempleo de Panamá en 2024: 8.45 % de la fuerza laboral (Banco Mundial; dato anual).,IND-PAN-SL.UEM.TOTL.ZS-2024 · valor,"IND-PAN-SL.UEM.TOTL.ZS-2024 · valor: valor: 8.451 (indicador SL.UEM.TOTL.ZS, PAN, año 2024, unidad % de la fuerza laboral)",,,
